id,date,description,amount,category,status
TXN0001,2024-01-01,Refund processed,43008.93,Transfer,completed
TXN0002,2024-01-02,Square deposit,33925.83,Transfer,pending
TXN0003,2024-01-03,Salary transfer,12250.22,Tax,disputed
TXN0004,2024-01-04,Square deposit,45531.92,Refund,disputed
TXN0005,2024-01-04,Bank transfer,10428.61,Expense,completed
TXN0006,2024-01-04,Invoice #1042,44712.58,Revenue,disputed
TXN0007,2024-01-04,Refund processed,18793.18,Refund,disputed
TXN0008,2024-01-04,Refund processed,27780.51,Expense,pending
TXN0009,2024-01-05,Square deposit,7791.44,Refund,disputed
TXN0010,2024-01-05,Stripe payout,5904.61,Refund,pending
TXN0011,2024-01-06,Chase payment,47362.66,Tax,completed
TXN0012,2024-01-07,Invoice #1042,15222.71,Payroll,disputed
TXN0013,2024-01-07,Vendor payment,43561.15,Revenue,completed
TXN0014,2024-01-08,Bank transfer,15355.82,Expense,disputed
TXN0015,2024-01-09,Subscription fee,13833.9,Transfer,pending
TXN0016,2024-01-09,Client payment,9402.8,Tax,disputed
TXN0017,2024-01-10,Refund processed,29183.89,Revenue,pending
TXN0018,2024-01-10,Square deposit,30679.19,Payroll,completed
TXN0019,2024-01-10,Subscription fee,11793.01,Refund,completed
TXN0020,2024-01-11,Vendor payment,16936.95,Transfer,disputed
TXN0021,2024-01-11,Salary transfer,32414.65,Transfer,pending
TXN0022,2024-01-12,Salary transfer,43519.14,Expense,completed
TXN0023,2024-01-13,Salary transfer,39577.86,Revenue,pending
TXN0024,2024-01-13,Credit card charge,31404.51,Transfer,disputed
TXN0025,2024-01-14,Subscription fee,2582.85,Revenue,pending
TXN0026,2024-01-15,Vendor payment,5766.61,Transfer,completed
TXN0027,2024-01-15,Stripe payout,10849.05,Transfer,completed
TXN0028,2024-01-16,Subscription fee,30259.24,Refund,disputed
TXN0029,2024-01-17,Invoice #1042,15210.01,Payroll,disputed
TXN0030,2024-01-17,Stripe payout,26406.99,Expense,pending
TXN0031,2024-01-18,Chase payment,10270.98,Payroll,pending
TXN0032,2024-01-19,Salary transfer,43089.77,Payroll,completed
TXN0033,2024-01-19,Chase payment,38652.0,Payroll,pending
TXN0034,2024-01-19,Chase payment,26442.28,Tax,pending
TXN0035,2024-01-20,Salary transfer,31889.92,Transfer,pending
TXN0036,2024-01-21,Refund processed,38012.84,Refund,pending
TXN0037,2024-01-22,Salary transfer,23274.15,Revenue,pending
TXN0038,2024-01-22,Chase payment,13646.11,Transfer,disputed
TXN0039,2024-01-22,Vendor payment,45112.55,Tax,pending
TXN0040,2024-01-23,Vendor payment,14652.4,Expense,pending
TXN0041,2024-01-24,Bank transfer,46541.84,Refund,disputed
TXN0042,2024-01-24,Invoice #1042,46687.3,Transfer,disputed
TXN0043,2024-01-25,Square deposit,12651.44,Tax,disputed
TXN0044,2024-01-26,Square deposit,1845.16,Revenue,disputed
TXN0045,2024-01-27,Bank transfer,38162.01,Expense,pending
TXN0046,2024-01-27,Client payment,42432.72,Payroll,completed
TXN0047,2024-01-28,Credit card charge,7805.98,Revenue,completed
TXN0048,2024-01-28,Credit card charge,45714.21,Expense,disputed
TXN0049,2024-01-28,Refund processed,33294.36,Payroll,completed
TXN0050,2024-01-29,Stripe payout,33582.84,Refund,completed
TXN0051,2024-01-29,Invoice #1042,10411.46,Tax,completed
TXN0052,2024-01-30,Credit card charge,17650.24,Revenue,pending
TXN0053,2024-01-31,Bank transfer,29823.72,Payroll,disputed
TXN0054,2024-01-31,Stripe payout,15338.8,Refund,pending
TXN0055,2024-02-01,Square deposit,622.26,Refund,disputed
TXN0056,2024-02-01,Refund processed,29003.64,Transfer,completed
TXN0057,2024-02-01,Square deposit,10589.84,Refund,disputed
TXN0058,2024-02-02,Client payment,34140.52,Transfer,completed
TXN0059,2024-02-03,Stripe payout,27100.69,Transfer,pending
TXN0060,2024-02-03,Credit card charge,46580.4,Payroll,pending
TXN0061,2024-02-03,Bank transfer,24269.01,Payroll,disputed
TXN0062,2024-02-04,Salary transfer,39110.02,Revenue,completed
TXN0063,2024-02-05,Salary transfer,34383.9,Expense,disputed
TXN0064,2024-02-05,Stripe payout,29333.94,Expense,pending
TXN0065,2024-02-05,Client payment,11435.6,Revenue,disputed
TXN0066,2024-02-05,Bank transfer,46106.17,Revenue,completed
TXN0067,2024-02-05,Chase payment,9821.45,Refund,disputed
TXN0068,2024-02-06,Chase payment,35004.81,Payroll,pending
TXN0069,2024-02-07,Credit card charge,11620.94,Transfer,disputed
TXN0070,2024-02-07,Client payment,33759.07,Payroll,completed
TXN0071,2024-02-07,Tax withholding,23906.51,Payroll,completed
TXN0072,2024-02-08,Square deposit,44869.48,Refund,pending
TXN0073,2024-02-09,Subscription fee,34455.75,Tax,pending
TXN0074,2024-02-09,Vendor payment,17393.91,Transfer,disputed
TXN0075,2024-02-09,Vendor payment,17595.02,Revenue,completed
TXN0076,2024-02-09,Subscription fee,24723.18,Expense,pending
TXN0077,2024-02-10,Tax withholding,48837.64,Tax,completed
TXN0078,2024-02-10,Chase payment,5956.19,Expense,disputed
TXN0079,2024-02-10,Square deposit,27523.22,Revenue,completed
TXN0080,2024-02-11,Salary transfer,6446.12,Tax,disputed
TXN0081,2024-02-11,Chase payment,31432.06,Transfer,disputed
TXN0082,2024-02-12,Client payment,42680.78,Refund,completed
TXN0083,2024-02-12,Bank transfer,8254.05,Transfer,pending
TXN0084,2024-02-12,Credit card charge,38259.25,Refund,pending
TXN0085,2024-02-13,Credit card charge,9727.48,Payroll,disputed
TXN0086,2024-02-14,Bank transfer,26839.48,Refund,completed
TXN0087,2024-02-14,Credit card charge,3404.15,Payroll,completed
TXN0088,2024-02-14,Salary transfer,42808.55,Expense,completed
TXN0089,2024-02-14,Bank transfer,28533.37,Payroll,disputed
TXN0090,2024-02-15,Invoice #1042,30162.05,Refund,completed
TXN0091,2024-02-16,Salary transfer,315.75,Refund,disputed
TXN0092,2024-02-16,Tax withholding,49937.13,Tax,pending
TXN0093,2024-02-17,Tax withholding,30521.19,Expense,pending
TXN0094,2024-02-17,Bank transfer,38151.19,Transfer,disputed
TXN0095,2024-02-18,Client payment,47068.44,Expense,completed
TXN0096,2024-02-19,Subscription fee,19760.64,Refund,completed
TXN0097,2024-02-19,Stripe payout,28803.39,Revenue,disputed
TXN0098,2024-02-19,Client payment,39870.14,Transfer,disputed
TXN0099,2024-02-20,Refund processed,35458.44,Refund,disputed
TXN0100,2024-02-20,Square deposit,14698.98,Expense,pending
TXN0101,2024-02-21,Tax withholding,45467.86,Payroll,completed
TXN0102,2024-02-22,Square deposit,43101.15,Tax,completed
TXN0103,2024-02-23,Refund processed,32809.71,Expense,completed
TXN0104,2024-02-24,Tax withholding,48457.14,Payroll,pending
TXN0105,2024-02-24,Credit card charge,21027.87,Revenue,disputed
TXN0106,2024-02-24,Subscription fee,6538.81,Tax,pending
TXN0107,2024-02-25,Subscription fee,7498.7,Transfer,completed
TXN0108,2024-02-26,Refund processed,38206.5,Expense,pending
TXN0109,2024-02-26,Chase payment,6087.51,Tax,pending
TXN0110,2024-02-27,Salary transfer,44444.78,Revenue,disputed
TXN0111,2024-02-27,Refund processed,14789.27,Expense,completed
TXN0112,2024-02-27,Client payment,30097.5,Payroll,pending
TXN0113,2024-02-28,Invoice #1042,32089.52,Tax,pending
TXN0114,2024-02-28,Salary transfer,19074.57,Refund,pending
TXN0115,2024-02-28,Refund processed,49267.09,Tax,disputed
TXN0116,2024-02-28,Square deposit,44716.55,Transfer,pending
TXN0117,2024-02-29,Refund processed,15684.8,Transfer,completed
TXN0118,2024-02-29,Salary transfer,46845.75,Refund,disputed
TXN0119,2024-02-29,Vendor payment,46143.0,Payroll,disputed
TXN0120,2024-03-01,Bank transfer,39337.97,Payroll,disputed
TXN0121,2024-03-01,Stripe payout,27228.99,Transfer,completed
TXN0122,2024-03-02,Vendor payment,40296.72,Transfer,disputed
TXN0123,2024-03-03,Tax withholding,47763.93,Refund,completed
TXN0124,2024-03-04,Square deposit,4757.59,Transfer,disputed
TXN0125,2024-03-05,Bank transfer,35509.36,Revenue,pending
TXN0126,2024-03-05,Chase payment,7899.79,Tax,pending
TXN0127,2024-03-06,Vendor payment,48034.04,Payroll,disputed
TXN0128,2024-03-06,Client payment,5522.25,Payroll,disputed
TXN0129,2024-03-07,Vendor payment,48766.63,Payroll,completed
TXN0130,2024-03-08,Refund processed,42400.95,Payroll,disputed
TXN0131,2024-03-09,Tax withholding,10017.09,Expense,disputed
TXN0132,2024-03-09,Tax withholding,16394.93,Payroll,disputed
TXN0133,2024-03-10,Bank transfer,10514.8,Expense,completed
TXN0134,2024-03-11,Refund processed,16933.3,Refund,disputed
TXN0135,2024-03-11,Invoice #1042,44520.93,Revenue,completed
TXN0136,2024-03-11,Chase payment,45015.37,Refund,pending
TXN0137,2024-03-12,Vendor payment,43600.92,Tax,disputed
TXN0138,2024-03-12,Tax withholding,28044.54,Payroll,pending
TXN0139,2024-03-12,Tax withholding,8661.57,Refund,disputed
TXN0140,2024-03-13,Invoice #1042,5700.43,Revenue,completed
TXN0141,2024-03-14,Salary transfer,1552.52,Refund,completed
TXN0142,2024-03-14,Subscription fee,38252.83,Revenue,pending
TXN0143,2024-03-14,Stripe payout,13450.61,Transfer,pending
TXN0144,2024-03-15,Subscription fee,33051.97,Revenue,completed
TXN0145,2024-03-16,Refund processed,37621.99,Refund,pending
TXN0146,2024-03-16,Tax withholding,18819.16,Revenue,completed
TXN0147,2024-03-16,Bank transfer,3185.48,Revenue,pending
TXN0148,2024-03-17,Salary transfer,41416.32,Payroll,pending
TXN0149,2024-03-17,Invoice #1042,43111.99,Refund,pending
TXN0150,2024-03-18,Refund processed,30809.88,Payroll,disputed
TXN0151,2024-03-19,Chase payment,13867.3,Transfer,pending
TXN0152,2024-03-19,Bank transfer,18977.75,Refund,disputed
TXN0153,2024-03-20,Bank transfer,11448.66,Transfer,pending
TXN0154,2024-03-21,Client payment,39001.94,Refund,completed
TXN0155,2024-03-22,Vendor payment,36167.39,Tax,pending
TXN0156,2024-03-22,Stripe payout,24956.42,Refund,completed
TXN0157,2024-03-23,Client payment,37972.92,Payroll,disputed
TXN0158,2024-03-23,Stripe payout,46070.17,Refund,disputed
TXN0159,2024-03-23,Invoice #1042,47455.5,Payroll,completed
TXN0160,2024-03-23,Tax withholding,40821.67,Revenue,disputed
TXN0161,2024-03-24,Vendor payment,5043.35,Expense,completed
TXN0162,2024-03-24,Stripe payout,24042.49,Tax,completed
TXN0163,2024-03-24,Chase payment,28533.73,Expense,disputed
TXN0164,2024-03-25,Bank transfer,38632.54,Refund,disputed
TXN0165,2024-03-25,Subscription fee,14223.49,Revenue,disputed
TXN0166,2024-03-26,Client payment,37735.26,Transfer,pending
TXN0167,2024-03-26,Stripe payout,1674.57,Revenue,completed
TXN0168,2024-03-27,Square deposit,33785.7,Payroll,pending
TXN0169,2024-03-27,Vendor payment,35966.12,Payroll,completed
TXN0170,2024-03-28,Square deposit,32595.31,Payroll,completed
TXN0171,2024-03-29,Chase payment,29979.49,Transfer,pending
TXN0172,2024-03-29,Vendor payment,33947.41,Refund,pending
TXN0173,2024-03-30,Credit card charge,36922.51,Refund,disputed
TXN0174,2024-03-31,Client payment,32466.69,Tax,completed
TXN0175,2024-03-31,Credit card charge,1852.08,Refund,pending
TXN0176,2024-04-01,Tax withholding,30151.65,Revenue,disputed
TXN0177,2024-04-01,Chase payment,14257.78,Expense,completed
TXN0178,2024-04-02,Chase payment,2816.81,Transfer,completed
TXN0179,2024-04-03,Square deposit,16139.09,Transfer,pending
TXN0180,2024-04-03,Stripe payout,49979.52,Transfer,disputed
TXN0181,2024-04-04,Vendor payment,6441.58,Revenue,completed
TXN0182,2024-04-04,Salary transfer,37440.68,Payroll,disputed
TXN0183,2024-04-05,Tax withholding,19986.13,Refund,completed
TXN0184,2024-04-06,Bank transfer,35160.83,Refund,disputed
TXN0185,2024-04-06,Bank transfer,30296.87,Expense,pending
TXN0186,2024-04-07,Vendor payment,42562.67,Payroll,pending
TXN0187,2024-04-08,Refund processed,35248.37,Expense,completed
TXN0188,2024-04-08,Invoice #1042,1576.59,Tax,completed
TXN0189,2024-04-09,Invoice #1042,1533.31,Payroll,completed
TXN0190,2024-04-09,Credit card charge,33880.92,Transfer,completed
TXN0191,2024-04-09,Refund processed,12183.71,Tax,disputed
TXN0192,2024-04-10,Refund processed,44374.66,Revenue,disputed
TXN0193,2024-04-10,Stripe payout,26679.0,Transfer,completed
TXN0194,2024-04-10,Credit card charge,42935.93,Revenue,pending
TXN0195,2024-04-11,Invoice #1042,49063.76,Expense,disputed
TXN0196,2024-04-11,Chase payment,43885.61,Payroll,completed
TXN0197,2024-04-12,Chase payment,22794.65,Refund,disputed
TXN0198,2024-04-12,Chase payment,27625.47,Refund,completed
TXN0199,2024-04-12,Client payment,25359.06,Transfer,pending
TXN0200,2024-04-13,Bank transfer,43869.76,Transfer,pending
TXN0201,2024-04-14,Square deposit,27093.04,Revenue,completed
TXN0202,2024-04-15,Refund processed,26646.07,Revenue,disputed
TXN0203,2024-04-16,Salary transfer,12919.33,Revenue,pending
TXN0204,2024-04-17,Vendor payment,35415.42,Refund,pending
TXN0205,2024-04-17,Salary transfer,22268.12,Transfer,pending
TXN0206,2024-04-18,Refund processed,19704.75,Revenue,pending
TXN0207,2024-04-19,Invoice #1042,45551.16,Refund,disputed
TXN0208,2024-04-19,Subscription fee,49204.21,Expense,pending
TXN0209,2024-04-20,Vendor payment,12896.91,Tax,disputed
TXN0210,2024-04-20,Subscription fee,24312.85,Expense,disputed
TXN0211,2024-04-20,Stripe payout,39692.16,Expense,disputed
TXN0212,2024-04-21,Bank transfer,18419.6,Tax,disputed
TXN0213,2024-04-22,Vendor payment,17264.38,Refund,pending
TXN0214,2024-04-22,Invoice #1042,225.65,Expense,completed
TXN0215,2024-04-23,Stripe payout,11655.32,Revenue,pending
TXN0216,2024-04-23,Subscription fee,6350.53,Refund,completed
TXN0217,2024-04-23,Tax withholding,3391.43,Tax,completed
TXN0218,2024-04-24,Subscription fee,5268.43,Payroll,pending
TXN0219,2024-04-25,Invoice #1042,20360.81,Revenue,disputed
TXN0220,2024-04-25,Chase payment,37797.24,Transfer,disputed
TXN0221,2024-04-26,Square deposit,48114.52,Refund,disputed
TXN0222,2024-04-26,Tax withholding,25464.55,Payroll,pending
TXN0223,2024-04-26,Subscription fee,29012.2,Payroll,disputed
TXN0224,2024-04-27,Subscription fee,34054.84,Tax,completed
TXN0225,2024-04-27,Stripe payout,13439.24,Expense,disputed
TXN0226,2024-04-28,Tax withholding,31700.11,Transfer,completed
TXN0227,2024-04-29,Chase payment,46148.68,Payroll,pending
TXN0228,2024-04-30,Chase payment,12128.2,Refund,disputed
TXN0229,2024-04-30,Stripe payout,34887.41,Transfer,pending
TXN0230,2024-04-30,Vendor payment,38472.13,Revenue,disputed
TXN0231,2024-04-30,Vendor payment,15818.06,Payroll,completed
TXN0232,2024-04-30,Credit card charge,14127.2,Tax,disputed
TXN0233,2024-05-01,Stripe payout,16435.28,Tax,pending
TXN0234,2024-05-01,Stripe payout,16489.94,Refund,pending
TXN0235,2024-05-01,Chase payment,29226.52,Expense,pending
TXN0236,2024-05-02,Refund processed,33495.47,Transfer,pending
TXN0237,2024-05-02,Vendor payment,21788.36,Refund,pending
TXN0238,2024-05-02,Salary transfer,29238.9,Refund,disputed
TXN0239,2024-05-03,Chase payment,25836.43,Expense,disputed
TXN0240,2024-05-03,Client payment,25242.74,Payroll,pending
TXN0241,2024-05-03,Vendor payment,27457.65,Payroll,completed
TXN0242,2024-05-04,Chase payment,38057.65,Expense,completed
TXN0243,2024-05-05,Refund processed,24806.76,Expense,pending
TXN0244,2024-05-06,Invoice #1042,49975.92,Refund,pending
TXN0245,2024-05-07,Chase payment,15673.07,Refund,completed
TXN0246,2024-05-07,Refund processed,4606.09,Revenue,completed
TXN0247,2024-05-08,Invoice #1042,45218.05,Refund,pending
TXN0248,2024-05-09,Credit card charge,39006.31,Payroll,disputed
TXN0249,2024-05-09,Bank transfer,28782.48,Expense,pending
TXN0250,2024-05-10,Salary transfer,48470.15,Payroll,pending
TXN0251,2024-05-11,Credit card charge,39848.33,Expense,completed
TXN0252,2024-05-11,Salary transfer,45892.14,Transfer,disputed
TXN0253,2024-05-12,Client payment,11338.02,Expense,disputed
TXN0254,2024-05-12,Invoice #1042,31125.55,Transfer,disputed
TXN0255,2024-05-13,Invoice #1042,5753.26,Refund,disputed
TXN0256,2024-05-13,Invoice #1042,27961.66,Expense,disputed
TXN0257,2024-05-14,Chase payment,21027.72,Refund,pending
TXN0258,2024-05-14,Stripe payout,1034.3,Revenue,disputed
TXN0259,2024-05-15,Square deposit,26289.02,Payroll,completed
TXN0260,2024-05-15,Tax withholding,17730.11,Expense,pending
TXN0261,2024-05-15,Bank transfer,33913.01,Payroll,pending
TXN0262,2024-05-16,Credit card charge,9350.29,Refund,disputed
TXN0263,2024-05-16,Invoice #1042,34050.41,Transfer,pending
TXN0264,2024-05-17,Stripe payout,13367.04,Transfer,pending
TXN0265,2024-05-17,Chase payment,43252.62,Tax,completed
TXN0266,2024-05-18,Invoice #1042,44653.98,Payroll,pending
TXN0267,2024-05-18,Stripe payout,44831.7,Payroll,disputed
TXN0268,2024-05-19,Square deposit,47258.82,Tax,completed
TXN0269,2024-05-19,Refund processed,16939.66,Refund,disputed
TXN0270,2024-05-20,Salary transfer,37366.76,Transfer,disputed
TXN0271,2024-05-21,Vendor payment,27218.11,Revenue,disputed
TXN0272,2024-05-21,Tax withholding,17767.4,Tax,disputed
TXN0273,2024-05-22,Invoice #1042,47282.38,Refund,completed
TXN0274,2024-05-22,Vendor payment,21450.98,Refund,pending
TXN0275,2024-05-22,Chase payment,42406.87,Transfer,pending
TXN0276,2024-05-22,Stripe payout,12629.92,Expense,disputed
TXN0277,2024-05-22,Invoice #1042,21922.79,Tax,completed
TXN0278,2024-05-23,Vendor payment,4506.11,Transfer,disputed
TXN0279,2024-05-24,Subscription fee,47771.74,Expense,disputed
TXN0280,2024-05-24,Stripe payout,11611.93,Tax,disputed
TXN0281,2024-05-24,Credit card charge,25887.55,Revenue,completed
TXN0282,2024-05-25,Client payment,12587.9,Payroll,pending
TXN0283,2024-05-25,Subscription fee,7436.05,Revenue,pending
TXN0284,2024-05-26,Square deposit,17983.05,Tax,pending
TXN0285,2024-05-27,Invoice #1042,29716.65,Expense,pending
TXN0286,2024-05-27,Refund processed,28447.33,Revenue,completed
TXN0287,2024-05-27,Client payment,43505.81,Transfer,completed
TXN0288,2024-05-27,Bank transfer,22383.19,Payroll,completed
TXN0289,2024-05-28,Subscription fee,38608.75,Payroll,pending
TXN0290,2024-05-29,Stripe payout,6274.46,Revenue,disputed
TXN0291,2024-05-29,Refund processed,44686.32,Revenue,disputed
TXN0292,2024-05-30,Refund processed,37639.51,Transfer,completed
TXN0293,2024-05-31,Chase payment,22650.44,Expense,completed
TXN0294,2024-05-31,Salary transfer,13936.46,Refund,pending
TXN0295,2024-05-31,Stripe payout,6915.34,Refund,pending
TXN0296,2024-06-01,Subscription fee,45650.18,Transfer,disputed
TXN0297,2024-06-01,Salary transfer,10708.99,Payroll,completed
TXN0298,2024-06-02,Salary transfer,32506.51,Transfer,disputed
TXN0299,2024-06-02,Subscription fee,47058.65,Transfer,pending
TXN0300,2024-06-03,Bank transfer,7577.24,Refund,disputed
TXN0301,2024-06-04,Subscription fee,9995.91,Refund,disputed
TXN0302,2024-06-05,Chase payment,39974.63,Transfer,pending
TXN0303,2024-06-05,Salary transfer,37293.7,Payroll,completed
TXN0304,2024-06-06,Bank transfer,13521.0,Expense,pending
TXN0305,2024-06-07,Bank transfer,48681.26,Payroll,pending
TXN0306,2024-06-07,Salary transfer,27079.82,Revenue,disputed
TXN0307,2024-06-07,Bank transfer,37124.99,Revenue,disputed
TXN0308,2024-06-08,Stripe payout,34803.92,Revenue,disputed
TXN0309,2024-06-09,Chase payment,33254.23,Expense,disputed
TXN0310,2024-06-09,Stripe payout,143.52,Refund,pending
TXN0311,2024-06-09,Vendor payment,38252.84,Tax,disputed
TXN0312,2024-06-10,Tax withholding,22508.79,Refund,completed
TXN0313,2024-06-10,Subscription fee,36447.07,Transfer,completed
TXN0314,2024-06-11,Tax withholding,49135.77,Tax,disputed
TXN0315,2024-06-11,Vendor payment,7227.99,Transfer,pending
TXN0316,2024-06-12,Tax withholding,37333.17,Revenue,disputed
TXN0317,2024-06-13,Client payment,30622.07,Revenue,pending
TXN0318,2024-06-13,Refund processed,5786.66,Revenue,pending
TXN0319,2024-06-14,Subscription fee,6365.09,Transfer,disputed
TXN0320,2024-06-15,Vendor payment,14295.96,Payroll,disputed
TXN0321,2024-06-15,Subscription fee,14680.12,Transfer,pending
TXN0322,2024-06-16,Invoice #1042,40642.7,Transfer,pending
TXN0323,2024-06-16,Refund processed,33915.26,Transfer,pending
TXN0324,2024-06-16,Chase payment,33524.26,Refund,completed
TXN0325,2024-06-16,Chase payment,19312.54,Revenue,completed
TXN0326,2024-06-17,Vendor payment,21813.18,Refund,disputed
TXN0327,2024-06-18,Credit card charge,39323.77,Transfer,disputed
TXN0328,2024-06-19,Refund processed,42564.72,Payroll,pending
TXN0329,2024-06-19,Stripe payout,22354.15,Tax,pending
TXN0330,2024-06-20,Client payment,45413.31,Expense,pending
TXN0331,2024-06-20,Stripe payout,42982.03,Revenue,disputed
TXN0332,2024-06-21,Invoice #1042,32442.33,Expense,pending
TXN0333,2024-06-21,Refund processed,7765.01,Expense,disputed
TXN0334,2024-06-22,Bank transfer,8818.91,Transfer,pending
TXN0335,2024-06-23,Client payment,36882.1,Refund,pending
TXN0336,2024-06-23,Invoice #1042,42649.02,Transfer,pending
TXN0337,2024-06-23,Tax withholding,23131.06,Revenue,pending
TXN0338,2024-06-23,Vendor payment,13105.35,Tax,disputed
TXN0339,2024-06-24,Refund processed,5110.68,Payroll,disputed
TXN0340,2024-06-24,Salary transfer,20964.0,Expense,pending
TXN0341,2024-06-25,Square deposit,42199.55,Payroll,completed
TXN0342,2024-06-25,Stripe payout,44116.8,Transfer,disputed
TXN0343,2024-06-25,Refund processed,8500.09,Tax,completed
TXN0344,2024-06-26,Invoice #1042,33617.61,Expense,disputed
TXN0345,2024-06-26,Bank transfer,11455.7,Revenue,completed
TXN0346,2024-06-27,Square deposit,29127.51,Transfer,disputed
TXN0347,2024-06-27,Refund processed,499.94,Tax,completed
TXN0348,2024-06-28,Credit card charge,1252.41,Revenue,pending
TXN0349,2024-06-28,Stripe payout,18966.12,Payroll,completed
TXN0350,2024-06-29,Subscription fee,4488.47,Revenue,completed
TXN0351,2024-06-29,Chase payment,37066.95,Payroll,completed
TXN0352,2024-06-30,Bank transfer,24296.31,Transfer,pending
TXN0353,2024-06-30,Refund processed,4062.3,Transfer,pending
TXN0354,2024-07-01,Invoice #1042,27400.45,Transfer,pending
TXN0355,2024-07-02,Client payment,32724.19,Refund,completed
TXN0356,2024-07-02,Credit card charge,43424.51,Expense,pending
TXN0357,2024-07-03,Subscription fee,35230.81,Refund,completed
TXN0358,2024-07-04,Refund processed,44810.81,Revenue,disputed
TXN0359,2024-07-05,Client payment,23979.99,Revenue,completed
TXN0360,2024-07-05,Vendor payment,7069.84,Payroll,pending
TXN0361,2024-07-05,Salary transfer,18972.52,Tax,completed
TXN0362,2024-07-06,Bank transfer,30068.13,Refund,completed
TXN0363,2024-07-06,Square deposit,45836.44,Payroll,pending
TXN0364,2024-07-07,Tax withholding,6228.71,Payroll,disputed
TXN0365,2024-07-07,Chase payment,24568.8,Expense,disputed
TXN0366,2024-07-08,Stripe payout,24801.22,Tax,completed
TXN0367,2024-07-08,Refund processed,9045.66,Refund,disputed
TXN0368,2024-07-09,Refund processed,44697.04,Revenue,pending
TXN0369,2024-07-09,Tax withholding,47899.11,Transfer,pending
TXN0370,2024-07-10,Subscription fee,20820.98,Transfer,completed
TXN0371,2024-07-11,Tax withholding,29095.7,Payroll,disputed
TXN0372,2024-07-12,Credit card charge,31372.97,Revenue,completed
TXN0373,2024-07-12,Credit card charge,19443.08,Refund,disputed
TXN0374,2024-07-12,Credit card charge,41776.96,Refund,disputed
TXN0375,2024-07-13,Client payment,24437.55,Refund,completed
TXN0376,2024-07-14,Bank transfer,1706.6,Revenue,completed
TXN0377,2024-07-14,Vendor payment,42609.74,Expense,disputed
TXN0378,2024-07-15,Bank transfer,34522.72,Payroll,disputed
TXN0379,2024-07-15,Subscription fee,16660.46,Payroll,completed
TXN0380,2024-07-16,Tax withholding,4828.44,Transfer,pending
TXN0381,2024-07-16,Credit card charge,15690.65,Transfer,disputed
TXN0382,2024-07-17,Refund processed,15769.87,Payroll,pending
TXN0383,2024-07-17,Tax withholding,19131.8,Transfer,disputed
TXN0384,2024-07-17,Square deposit,17764.59,Tax,completed
TXN0385,2024-07-18,Chase payment,22481.61,Refund,completed
TXN0386,2024-07-19,Credit card charge,2435.37,Refund,completed
TXN0387,2024-07-19,Client payment,34860.78,Revenue,pending
TXN0388,2024-07-19,Refund processed,4945.51,Revenue,disputed
TXN0389,2024-07-19,Salary transfer,15009.01,Tax,disputed
TXN0390,2024-07-19,Stripe payout,48977.75,Refund,disputed
TXN0391,2024-07-20,Salary transfer,6963.94,Refund,pending
TXN0392,2024-07-20,Tax withholding,48913.06,Revenue,disputed
TXN0393,2024-07-21,Vendor payment,46025.49,Expense,pending
TXN0394,2024-07-22,Client payment,44705.78,Transfer,pending
TXN0395,2024-07-22,Subscription fee,33783.64,Revenue,completed
TXN0396,2024-07-23,Chase payment,34169.4,Expense,disputed
TXN0397,2024-07-23,Salary transfer,42868.0,Tax,pending
TXN0398,2024-07-23,Invoice #1042,49470.57,Payroll,completed
TXN0399,2024-07-24,Invoice #1042,22906.89,Expense,disputed
TXN0400,2024-07-25,Square deposit,32276.46,Tax,pending
TXN0401,2024-07-25,Client payment,5135.28,Payroll,pending
TXN0402,2024-07-25,Tax withholding,28906.11,Refund,pending
TXN0403,2024-07-26,Client payment,37257.34,Tax,disputed
TXN0404,2024-07-27,Credit card charge,31248.35,Revenue,completed
TXN0405,2024-07-27,Stripe payout,12110.62,Revenue,completed
TXN0406,2024-07-28,Square deposit,38752.12,Transfer,disputed
TXN0407,2024-07-28,Bank transfer,19002.7,Revenue,completed
TXN0408,2024-07-28,Chase payment,10978.11,Tax,disputed
TXN0409,2024-07-28,Square deposit,5293.92,Tax,disputed
TXN0410,2024-07-29,Credit card charge,48276.97,Expense,disputed
TXN0411,2024-07-29,Subscription fee,28097.13,Payroll,completed
TXN0412,2024-07-30,Stripe payout,26412.44,Transfer,disputed
TXN0413,2024-07-31,Credit card charge,11355.56,Payroll,completed
TXN0414,2024-07-31,Client payment,19991.74,Payroll,disputed
TXN0415,2024-08-01,Tax withholding,22570.07,Revenue,completed
TXN0416,2024-08-02,Client payment,4503.92,Revenue,pending
TXN0417,2024-08-02,Chase payment,39251.4,Revenue,completed
TXN0418,2024-08-03,Invoice #1042,29693.16,Payroll,disputed
TXN0419,2024-08-03,Salary transfer,3787.66,Transfer,completed
TXN0420,2024-08-04,Salary transfer,4571.95,Payroll,pending
TXN0421,2024-08-04,Vendor payment,49854.62,Expense,completed
TXN0422,2024-08-04,Chase payment,48973.33,Tax,disputed
TXN0423,2024-08-05,Vendor payment,240.97,Payroll,completed
TXN0424,2024-08-06,Stripe payout,9100.24,Tax,completed
TXN0425,2024-08-06,Stripe payout,29993.42,Transfer,pending
TXN0426,2024-08-06,Vendor payment,37571.37,Payroll,completed
TXN0427,2024-08-06,Vendor payment,46597.79,Transfer,disputed
TXN0428,2024-08-06,Subscription fee,15360.27,Revenue,disputed
TXN0429,2024-08-07,Salary transfer,5404.04,Payroll,disputed
TXN0430,2024-08-07,Invoice #1042,4591.08,Payroll,completed
TXN0431,2024-08-08,Salary transfer,19927.44,Payroll,disputed
TXN0432,2024-08-09,Square deposit,10968.56,Transfer,disputed
TXN0433,2024-08-09,Vendor payment,18101.76,Tax,completed
TXN0434,2024-08-10,Credit card charge,4512.53,Expense,disputed
TXN0435,2024-08-11,Square deposit,10216.86,Revenue,completed
TXN0436,2024-08-12,Vendor payment,7406.6,Tax,disputed
TXN0437,2024-08-12,Square deposit,33216.31,Revenue,pending
TXN0438,2024-08-12,Subscription fee,23007.61,Refund,completed
TXN0439,2024-08-13,Refund processed,36853.85,Expense,disputed
TXN0440,2024-08-14,Bank transfer,5226.33,Expense,completed
TXN0441,2024-08-14,Tax withholding,16989.98,Expense,completed
TXN0442,2024-08-14,Stripe payout,27711.9,Expense,pending
TXN0443,2024-08-15,Vendor payment,46918.17,Payroll,pending
TXN0444,2024-08-16,Salary transfer,32711.6,Tax,completed
TXN0445,2024-08-16,Refund processed,23714.31,Expense,completed
TXN0446,2024-08-17,Chase payment,37559.64,Tax,disputed
TXN0447,2024-08-17,Salary transfer,10387.13,Expense,pending
TXN0448,2024-08-18,Invoice #1042,18551.58,Revenue,disputed
TXN0449,2024-08-19,Square deposit,13265.74,Expense,completed
TXN0450,2024-08-19,Tax withholding,8168.28,Transfer,completed
TXN0451,2024-08-20,Bank transfer,17150.51,Refund,disputed
TXN0452,2024-08-20,Tax withholding,30651.75,Payroll,completed
TXN0453,2024-08-21,Salary transfer,28943.98,Refund,pending
TXN0454,2024-08-22,Square deposit,40920.74,Payroll,completed
TXN0455,2024-08-23,Stripe payout,31553.12,Expense,pending
TXN0456,2024-08-23,Chase payment,29372.19,Transfer,disputed
TXN0457,2024-08-23,Subscription fee,37402.48,Refund,completed
TXN0458,2024-08-24,Credit card charge,43918.0,Payroll,pending
TXN0459,2024-08-24,Refund processed,34082.93,Refund,disputed
TXN0460,2024-08-25,Salary transfer,26207.13,Tax,disputed
TXN0461,2024-08-26,Vendor payment,13674.27,Payroll,completed
TXN0462,2024-08-26,Client payment,45558.55,Revenue,disputed
TXN0463,2024-08-26,Salary transfer,34206.44,Refund,completed
TXN0464,2024-08-26,Tax withholding,15594.02,Transfer,disputed
TXN0465,2024-08-27,Subscription fee,43584.87,Revenue,completed
TXN0466,2024-08-27,Square deposit,2160.0,Refund,completed
TXN0467,2024-08-28,Subscription fee,34440.12,Payroll,completed
TXN0468,2024-08-29,Tax withholding,3066.39,Transfer,pending
TXN0469,2024-08-29,Square deposit,14858.02,Refund,completed
TXN0470,2024-08-30,Bank transfer,46938.89,Refund,pending
TXN0471,2024-08-31,Invoice #1042,37911.64,Tax,disputed
TXN0472,2024-08-31,Subscription fee,14131.28,Transfer,completed
TXN0473,2024-09-01,Salary transfer,33244.79,Transfer,disputed
TXN0474,2024-09-01,Credit card charge,34520.55,Expense,pending
TXN0475,2024-09-02,Square deposit,15489.77,Revenue,disputed
TXN0476,2024-09-02,Subscription fee,41189.01,Revenue,completed
TXN0477,2024-09-03,Subscription fee,6038.28,Transfer,pending
TXN0478,2024-09-04,Chase payment,12654.16,Expense,pending
TXN0479,2024-09-04,Square deposit,26940.54,Payroll,disputed
TXN0480,2024-09-05,Vendor payment,20978.15,Refund,disputed
TXN0481,2024-09-05,Client payment,42557.67,Transfer,completed
TXN0482,2024-09-06,Vendor payment,42703.9,Revenue,completed
TXN0483,2024-09-06,Refund processed,34508.56,Refund,pending
TXN0484,2024-09-07,Credit card charge,34393.28,Expense,completed
TXN0485,2024-09-08,Subscription fee,43457.14,Transfer,pending
TXN0486,2024-09-08,Tax withholding,11348.21,Refund,completed
TXN0487,2024-09-08,Tax withholding,6621.24,Revenue,pending
TXN0488,2024-09-09,Square deposit,19539.25,Revenue,disputed
TXN0489,2024-09-09,Refund processed,36815.76,Payroll,pending
TXN0490,2024-09-09,Chase payment,5920.42,Payroll,completed
TXN0491,2024-09-10,Client payment,28269.84,Tax,disputed
TXN0492,2024-09-10,Vendor payment,36052.55,Tax,disputed
TXN0493,2024-09-11,Subscription fee,29290.55,Tax,disputed
TXN0494,2024-09-12,Vendor payment,9245.18,Transfer,pending
TXN0495,2024-09-12,Square deposit,49795.28,Revenue,completed
TXN0496,2024-09-13,Stripe payout,40541.59,Refund,disputed
TXN0497,2024-09-13,Vendor payment,7690.84,Expense,disputed
TXN0498,2024-09-13,Client payment,47032.9,Expense,completed
TXN0499,2024-09-14,Vendor payment,36110.97,Expense,completed
TXN0500,2024-09-14,Chase payment,6653.92,Revenue,pending
TXN0501,2024-09-15,Salary transfer,29851.58,Refund,disputed
TXN0502,2024-09-15,Invoice #1042,12128.13,Refund,pending
TXN0503,2024-09-16,Credit card charge,44808.73,Payroll,completed
TXN0504,2024-09-16,Client payment,49900.51,Payroll,pending
TXN0505,2024-09-17,Stripe payout,37204.93,Refund,disputed
TXN0506,2024-09-17,Client payment,17250.42,Refund,pending
TXN0507,2024-09-18,Square deposit,2508.95,Revenue,disputed
TXN0508,2024-09-19,Tax withholding,49713.68,Revenue,pending
TXN0509,2024-09-19,Subscription fee,46263.84,Expense,completed
TXN0510,2024-09-20,Subscription fee,42693.83,Tax,pending
TXN0511,2024-09-20,Salary transfer,9670.02,Payroll,disputed
TXN0512,2024-09-21,Salary transfer,48052.28,Revenue,pending
TXN0513,2024-09-21,Subscription fee,36113.12,Transfer,disputed
TXN0514,2024-09-22,Invoice #1042,8247.48,Tax,completed
TXN0515,2024-09-22,Refund processed,3729.97,Tax,completed
TXN0516,2024-09-23,Square deposit,36101.87,Payroll,disputed
TXN0517,2024-09-24,Square deposit,20920.35,Revenue,disputed
TXN0518,2024-09-24,Chase payment,31039.53,Expense,pending
TXN0519,2024-09-25,Chase payment,24195.55,Expense,disputed
TXN0520,2024-09-26,Square deposit,24678.39,Payroll,disputed
TXN0521,2024-09-26,Client payment,3687.51,Refund,disputed
TXN0522,2024-09-27,Tax withholding,43500.12,Expense,pending
TXN0523,2024-09-27,Vendor payment,19920.49,Refund,disputed
TXN0524,2024-09-27,Tax withholding,12203.18,Refund,pending
TXN0525,2024-09-28,Chase payment,23526.23,Revenue,disputed
TXN0526,2024-09-29,Square deposit,2231.2,Transfer,pending
TXN0527,2024-09-30,Bank transfer,14314.04,Revenue,pending
TXN0528,2024-09-30,Tax withholding,4164.16,Transfer,completed
TXN0529,2024-10-01,Client payment,6914.39,Payroll,disputed
TXN0530,2024-10-02,Invoice #1042,5186.24,Payroll,pending
TXN0531,2024-10-02,Chase payment,30156.67,Refund,disputed
TXN0532,2024-10-02,Stripe payout,29943.07,Refund,disputed
TXN0533,2024-10-03,Credit card charge,46809.63,Refund,disputed
TXN0534,2024-10-04,Square deposit,858.0,Payroll,completed
TXN0535,2024-10-04,Client payment,20724.69,Revenue,disputed
TXN0536,2024-10-05,Salary transfer,18638.07,Payroll,pending
TXN0537,2024-10-06,Client payment,16133.66,Expense,completed
TXN0538,2024-10-06,Square deposit,10934.78,Transfer,pending
TXN0539,2024-10-07,Credit card charge,42789.72,Revenue,disputed
TXN0540,2024-10-08,Subscription fee,15781.07,Revenue,pending
TXN0541,2024-10-08,Client payment,26748.58,Transfer,pending
TXN0542,2024-10-09,Invoice #1042,1699.7,Revenue,disputed
TXN0543,2024-10-10,Salary transfer,9880.03,Refund,pending
TXN0544,2024-10-11,Bank transfer,23756.84,Tax,pending
TXN0545,2024-10-11,Square deposit,26360.4,Refund,disputed
TXN0546,2024-10-11,Refund processed,29081.87,Payroll,completed
TXN0547,2024-10-12,Vendor payment,2174.83,Refund,disputed
TXN0548,2024-10-12,Subscription fee,19107.55,Transfer,disputed
TXN0549,2024-10-12,Chase payment,10620.9,Tax,completed
TXN0550,2024-10-13,Subscription fee,33079.46,Payroll,disputed
TXN0551,2024-10-13,Vendor payment,39320.99,Payroll,completed
TXN0552,2024-10-14,Refund processed,14717.09,Transfer,completed
TXN0553,2024-10-14,Bank transfer,31766.04,Tax,disputed
TXN0554,2024-10-15,Subscription fee,37305.63,Tax,completed
TXN0555,2024-10-16,Chase payment,47638.49,Revenue,disputed
TXN0556,2024-10-17,Vendor payment,10025.3,Payroll,pending
TXN0557,2024-10-17,Client payment,7496.62,Revenue,disputed
TXN0558,2024-10-17,Square deposit,16794.27,Refund,pending
TXN0559,2024-10-18,Bank transfer,16083.06,Payroll,disputed
TXN0560,2024-10-18,Invoice #1042,38932.52,Refund,disputed
TXN0561,2024-10-19,Salary transfer,43392.73,Refund,completed
TXN0562,2024-10-19,Salary transfer,45222.09,Revenue,pending
TXN0563,2024-10-19,Invoice #1042,41247.93,Tax,disputed
TXN0564,2024-10-20,Tax withholding,20066.65,Expense,pending
TXN0565,2024-10-20,Bank transfer,16657.99,Expense,completed
TXN0566,2024-10-21,Stripe payout,31697.06,Tax,completed
TXN0567,2024-10-22,Chase payment,22667.63,Payroll,disputed
TXN0568,2024-10-22,Invoice #1042,17930.95,Tax,pending
TXN0569,2024-10-22,Tax withholding,4419.16,Revenue,disputed
TXN0570,2024-10-22,Bank transfer,16573.24,Expense,completed
TXN0571,2024-10-23,Chase payment,21699.84,Expense,disputed
TXN0572,2024-10-23,Credit card charge,27553.83,Payroll,disputed
TXN0573,2024-10-23,Stripe payout,36080.74,Transfer,completed
TXN0574,2024-10-24,Vendor payment,40852.16,Tax,completed
TXN0575,2024-10-24,Tax withholding,42003.04,Tax,completed
TXN0576,2024-10-24,Stripe payout,42200.8,Revenue,pending
TXN0577,2024-10-24,Salary transfer,46793.88,Tax,completed
TXN0578,2024-10-25,Refund processed,17062.9,Transfer,disputed
TXN0579,2024-10-26,Client payment,32704.86,Expense,pending
TXN0580,2024-10-26,Subscription fee,27972.69,Revenue,pending
TXN0581,2024-10-27,Subscription fee,7720.63,Expense,pending
TXN0582,2024-10-27,Client payment,8208.28,Tax,completed
TXN0583,2024-10-27,Refund processed,48756.25,Expense,disputed
TXN0584,2024-10-28,Salary transfer,9652.71,Tax,disputed
TXN0585,2024-10-28,Stripe payout,32745.99,Revenue,disputed
TXN0586,2024-10-29,Vendor payment,36964.31,Revenue,disputed
TXN0587,2024-10-30,Chase payment,30680.3,Refund,pending
TXN0588,2024-10-30,Credit card charge,9949.45,Revenue,pending
TXN0589,2024-10-31,Invoice #1042,34502.23,Transfer,pending
TXN0590,2024-11-01,Vendor payment,44360.69,Expense,disputed
TXN0591,2024-11-01,Refund processed,26530.25,Revenue,pending
TXN0592,2024-11-02,Tax withholding,33841.4,Expense,completed
TXN0593,2024-11-02,Refund processed,26515.48,Payroll,pending
TXN0594,2024-11-02,Chase payment,42842.47,Payroll,completed
TXN0595,2024-11-02,Salary transfer,10871.66,Payroll,disputed
TXN0596,2024-11-03,Vendor payment,46040.84,Revenue,pending
TXN0597,2024-11-04,Vendor payment,30180.17,Expense,disputed
TXN0598,2024-11-04,Square deposit,23172.78,Revenue,pending
TXN0599,2024-11-05,Tax withholding,33032.78,Tax,completed
TXN0600,2024-11-06,Square deposit,24282.09,Refund,disputed
TXN0601,2024-11-06,Square deposit,39359.52,Payroll,pending
TXN0602,2024-11-07,Bank transfer,1425.14,Refund,completed
TXN0603,2024-11-07,Vendor payment,41388.31,Tax,pending
TXN0604,2024-11-07,Client payment,31459.12,Transfer,pending
TXN0605,2024-11-07,Credit card charge,27170.36,Transfer,disputed
TXN0606,2024-11-08,Credit card charge,9382.68,Revenue,completed
TXN0607,2024-11-08,Chase payment,22152.9,Tax,disputed
TXN0608,2024-11-09,Invoice #1042,24942.43,Payroll,disputed
TXN0609,2024-11-09,Salary transfer,22571.85,Transfer,completed
TXN0610,2024-11-10,Client payment,49741.55,Tax,disputed
TXN0611,2024-11-10,Tax withholding,46757.74,Refund,pending
TXN0612,2024-11-10,Subscription fee,15863.91,Payroll,pending
TXN0613,2024-11-11,Credit card charge,45206.9,Expense,disputed
TXN0614,2024-11-11,Stripe payout,10012.74,Expense,pending
TXN0615,2024-11-11,Refund processed,33376.32,Tax,completed
TXN0616,2024-11-12,Bank transfer,13498.31,Payroll,pending
TXN0617,2024-11-12,Tax withholding,16173.12,Revenue,disputed
TXN0618,2024-11-13,Client payment,34886.05,Tax,completed
TXN0619,2024-11-13,Invoice #1042,9978.89,Tax,pending
TXN0620,2024-11-14,Vendor payment,19741.62,Tax,completed
TXN0621,2024-11-14,Tax withholding,16091.84,Revenue,pending
TXN0622,2024-11-14,Credit card charge,41417.63,Payroll,disputed
TXN0623,2024-11-14,Vendor payment,22677.8,Transfer,pending
TXN0624,2024-11-15,Invoice #1042,41621.91,Tax,pending
TXN0625,2024-11-16,Tax withholding,48728.22,Payroll,completed
TXN0626,2024-11-17,Salary transfer,12312.69,Tax,disputed
TXN0627,2024-11-17,Subscription fee,40791.5,Expense,disputed
TXN0628,2024-11-18,Vendor payment,41462.79,Expense,disputed
TXN0629,2024-11-18,Stripe payout,43578.27,Tax,disputed
TXN0630,2024-11-19,Invoice #1042,46301.19,Transfer,completed
TXN0631,2024-11-19,Bank transfer,22083.39,Revenue,pending
TXN0632,2024-11-20,Square deposit,13087.52,Tax,pending
TXN0633,2024-11-20,Credit card charge,17324.36,Revenue,completed
TXN0634,2024-11-21,Invoice #1042,27045.71,Payroll,pending
TXN0635,2024-11-22,Invoice #1042,16622.31,Payroll,completed
TXN0636,2024-11-22,Refund processed,15709.72,Refund,completed
TXN0637,2024-11-23,Vendor payment,14684.63,Revenue,pending
TXN0638,2024-11-24,Bank transfer,32728.07,Revenue,pending
TXN0639,2024-11-25,Chase payment,47304.19,Payroll,disputed
TXN0640,2024-11-26,Square deposit,31167.38,Tax,completed
TXN0641,2024-11-26,Square deposit,46267.38,Payroll,completed
TXN0642,2024-11-27,Client payment,8320.25,Payroll,disputed
TXN0643,2024-11-27,Invoice #1042,32844.88,Revenue,disputed
TXN0644,2024-11-28,Invoice #1042,6917.62,Payroll,disputed
TXN0645,2024-11-28,Salary transfer,46041.92,Revenue,pending
TXN0646,2024-11-28,Client payment,37952.26,Expense,completed
TXN0647,2024-11-29,Stripe payout,11409.68,Transfer,completed
TXN0648,2024-11-29,Client payment,22421.96,Payroll,pending
TXN0649,2024-11-30,Credit card charge,36068.76,Expense,pending
TXN0650,2024-11-30,Credit card charge,46656.13,Revenue,disputed
TXN0651,2024-11-30,Square deposit,36847.59,Expense,completed
TXN0652,2024-11-30,Bank transfer,24944.38,Transfer,completed
TXN0653,2024-12-01,Tax withholding,27273.51,Revenue,disputed
TXN0654,2024-12-01,Refund processed,28925.8,Payroll,completed
TXN0655,2024-12-01,Client payment,30947.43,Payroll,disputed
TXN0656,2024-12-02,Salary transfer,46779.89,Payroll,pending
TXN0657,2024-12-02,Subscription fee,11984.96,Revenue,disputed
TXN0658,2024-12-03,Invoice #1042,23185.16,Expense,completed
TXN0659,2024-12-03,Salary transfer,35807.22,Revenue,completed
TXN0660,2024-12-03,Salary transfer,33856.38,Tax,completed
TXN0661,2024-12-04,Refund processed,48290.16,Payroll,disputed
TXN0662,2024-12-05,Refund processed,3068.48,Expense,disputed
TXN0663,2024-12-05,Credit card charge,915.87,Tax,pending
TXN0664,2024-12-06,Vendor payment,39026.34,Expense,pending
TXN0665,2024-12-06,Client payment,26479.07,Payroll,completed
TXN0666,2024-12-07,Subscription fee,25055.2,Revenue,disputed
TXN0667,2024-12-07,Client payment,44366.42,Transfer,disputed
TXN0668,2024-12-08,Stripe payout,36546.08,Tax,pending
TXN0669,2024-12-08,Vendor payment,12324.35,Transfer,completed
TXN0670,2024-12-09,Bank transfer,28014.94,Revenue,completed
TXN0671,2024-12-09,Salary transfer,42039.72,Refund,completed
TXN0672,2024-12-10,Subscription fee,17685.22,Payroll,pending
TXN0673,2024-12-10,Salary transfer,31551.67,Tax,disputed
TXN0674,2024-12-11,Salary transfer,48975.01,Tax,disputed
TXN0675,2024-12-12,Client payment,177.2,Refund,pending
TXN0676,2024-12-12,Chase payment,697.44,Payroll,disputed
TXN0677,2024-12-13,Vendor payment,31577.2,Transfer,pending
TXN0678,2024-12-13,Refund processed,46729.78,Refund,completed
TXN0679,2024-12-14,Square deposit,26253.91,Payroll,completed
TXN0680,2024-12-14,Bank transfer,34180.61,Expense,pending
TXN0681,2024-12-14,Vendor payment,37203.76,Tax,completed
TXN0682,2024-12-15,Vendor payment,41965.91,Tax,pending
TXN0683,2024-12-15,Refund processed,31707.39,Refund,completed
TXN0684,2024-12-16,Square deposit,44865.79,Revenue,disputed
TXN0685,2024-12-16,Stripe payout,44601.86,Expense,disputed
TXN0686,2024-12-17,Invoice #1042,17505.77,Revenue,completed
TXN0687,2024-12-17,Credit card charge,44879.49,Refund,pending
TXN0688,2024-12-18,Invoice #1042,44206.42,Expense,completed
TXN0689,2024-12-19,Client payment,30858.48,Payroll,completed
TXN0690,2024-12-20,Subscription fee,30128.84,Tax,disputed
TXN0691,2024-12-20,Vendor payment,35636.97,Revenue,disputed
TXN0692,2024-12-21,Chase payment,12630.05,Payroll,disputed
TXN0693,2024-12-21,Square deposit,9136.42,Expense,pending
TXN0694,2024-12-21,Credit card charge,330.39,Payroll,disputed
TXN0695,2024-12-21,Subscription fee,35586.75,Tax,disputed
TXN0696,2024-12-22,Square deposit,27841.53,Transfer,disputed
TXN0697,2024-12-22,Refund processed,31825.12,Expense,completed
TXN0698,2024-12-22,Bank transfer,36842.21,Transfer,pending
TXN0699,2024-12-22,Client payment,9687.64,Transfer,disputed
TXN0700,2024-12-23,Chase payment,22763.75,Tax,pending
TXN0701,2024-12-24,Client payment,21449.21,Refund,disputed
TXN0702,2024-12-24,Invoice #1042,25241.27,Revenue,disputed
TXN0703,2024-12-25,Subscription fee,20768.92,Payroll,pending
TXN0704,2024-12-25,Square deposit,4334.57,Revenue,pending
TXN0705,2024-12-26,Square deposit,31303.86,Transfer,disputed
TXN0706,2024-12-27,Bank transfer,6976.95,Revenue,disputed
TXN0707,2024-12-27,Bank transfer,1603.08,Expense,pending
TXN0708,2024-12-27,Stripe payout,24310.04,Revenue,completed
TXN0709,2024-12-27,Salary transfer,30001.35,Transfer,disputed
TXN0710,2024-12-28,Square deposit,42050.36,Tax,pending
TXN0711,2024-12-29,Refund processed,38931.24,Tax,pending
TXN0712,2024-12-30,Salary transfer,33504.54,Tax,completed
TXN0713,2024-12-31,Chase payment,1853.28,Expense,completed
TXN0714,2025-01-01,Tax withholding,12183.05,Transfer,completed
TXN0715,2025-01-01,Subscription fee,20641.79,Payroll,disputed
TXN0716,2025-01-02,Tax withholding,31394.5,Refund,completed
TXN0717,2025-01-02,Vendor payment,25898.99,Expense,completed
TXN0718,2025-01-03,Chase payment,10433.12,Tax,disputed
TXN0719,2025-01-03,Refund processed,7536.45,Tax,pending
TXN0720,2025-01-04,Square deposit,41793.14,Transfer,pending
TXN0721,2025-01-05,Salary transfer,11264.64,Tax,completed
TXN0722,2025-01-06,Vendor payment,26358.96,Tax,disputed
TXN0723,2025-01-07,Client payment,36220.25,Transfer,completed
TXN0724,2025-01-07,Tax withholding,39197.99,Transfer,completed
TXN0725,2025-01-07,Tax withholding,16718.9,Tax,pending
TXN0726,2025-01-07,Credit card charge,12741.54,Tax,completed
TXN0727,2025-01-08,Salary transfer,598.56,Tax,completed
TXN0728,2025-01-08,Invoice #1042,42818.28,Revenue,completed
TXN0729,2025-01-08,Invoice #1042,21298.34,Payroll,completed
TXN0730,2025-01-08,Subscription fee,23108.2,Revenue,pending
TXN0731,2025-01-09,Stripe payout,22408.12,Expense,disputed
TXN0732,2025-01-09,Client payment,16612.78,Expense,completed
TXN0733,2025-01-09,Subscription fee,1454.8,Refund,pending
TXN0734,2025-01-10,Subscription fee,7662.69,Expense,pending
TXN0735,2025-01-11,Vendor payment,36187.04,Transfer,completed
TXN0736,2025-01-11,Vendor payment,38811.56,Revenue,pending
TXN0737,2025-01-12,Subscription fee,32952.12,Revenue,completed
TXN0738,2025-01-13,Square deposit,28079.04,Tax,completed
TXN0739,2025-01-13,Invoice #1042,33441.65,Transfer,pending
TXN0740,2025-01-13,Chase payment,28391.51,Tax,disputed
TXN0741,2025-01-14,Bank transfer,32641.61,Revenue,disputed
TXN0742,2025-01-15,Tax withholding,41046.07,Payroll,completed
TXN0743,2025-01-16,Invoice #1042,31821.82,Revenue,pending
TXN0744,2025-01-16,Credit card charge,27746.97,Refund,completed
TXN0745,2025-01-16,Chase payment,28585.46,Transfer,pending
TXN0746,2025-01-17,Salary transfer,41543.45,Expense,pending
TXN0747,2025-01-17,Invoice #1042,17127.04,Expense,disputed
TXN0748,2025-01-18,Salary transfer,23915.36,Tax,disputed
TXN0749,2025-01-19,Invoice #1042,45082.24,Payroll,disputed
TXN0750,2025-01-19,Salary transfer,44675.48,Revenue,completed
TXN0751,2025-01-20,Invoice #1042,19333.51,Payroll,pending
TXN0752,2025-01-21,Square deposit,49558.1,Payroll,pending
TXN0753,2025-01-22,Client payment,29966.87,Revenue,completed
TXN0754,2025-01-22,Salary transfer,44905.34,Payroll,completed
TXN0755,2025-01-23,Bank transfer,47273.48,Transfer,pending
TXN0756,2025-01-24,Salary transfer,4147.91,Transfer,completed
TXN0757,2025-01-25,Invoice #1042,37752.74,Revenue,pending
TXN0758,2025-01-25,Chase payment,38082.25,Refund,pending
TXN0759,2025-01-26,Chase payment,25976.82,Expense,completed
TXN0760,2025-01-26,Salary transfer,7287.33,Revenue,disputed
TXN0761,2025-01-26,Client payment,41202.85,Revenue,disputed
TXN0762,2025-01-26,Bank transfer,6759.51,Tax,disputed
TXN0763,2025-01-27,Subscription fee,17836.61,Expense,completed
TXN0764,2025-01-27,Subscription fee,12529.23,Tax,completed
TXN0765,2025-01-28,Bank transfer,24439.36,Payroll,completed
TXN0766,2025-01-29,Invoice #1042,9977.87,Payroll,pending
TXN0767,2025-01-29,Client payment,20884.95,Tax,disputed
TXN0768,2025-01-30,Client payment,49018.23,Payroll,completed
TXN0769,2025-01-31,Chase payment,44080.97,Expense,disputed
TXN0770,2025-02-01,Subscription fee,30461.16,Refund,pending
TXN0771,2025-02-01,Client payment,14377.66,Tax,completed
TXN0772,2025-02-02,Credit card charge,14423.89,Revenue,pending
TXN0773,2025-02-02,Client payment,7594.96,Revenue,disputed
TXN0774,2025-02-02,Tax withholding,49733.05,Tax,pending
TXN0775,2025-02-02,Tax withholding,9142.12,Refund,pending
TXN0776,2025-02-03,Tax withholding,29227.06,Refund,pending
TXN0777,2025-02-03,Tax withholding,39517.91,Payroll,pending
TXN0778,2025-02-04,Credit card charge,22102.42,Expense,pending
TXN0779,2025-02-05,Client payment,28682.98,Transfer,completed
TXN0780,2025-02-06,Salary transfer,43058.52,Refund,pending
TXN0781,2025-02-06,Square deposit,13263.85,Tax,completed
TXN0782,2025-02-07,Bank transfer,22677.88,Payroll,pending
TXN0783,2025-02-07,Chase payment,27400.76,Transfer,completed
TXN0784,2025-02-08,Refund processed,31274.55,Transfer,disputed
TXN0785,2025-02-08,Subscription fee,20893.98,Transfer,completed
TXN0786,2025-02-09,Refund processed,310.22,Tax,disputed
TXN0787,2025-02-10,Chase payment,30302.21,Tax,completed
TXN0788,2025-02-10,Refund processed,1088.87,Revenue,completed
TXN0789,2025-02-11,Chase payment,34202.58,Tax,pending
TXN0790,2025-02-11,Chase payment,30828.18,Transfer,completed
TXN0791,2025-02-12,Square deposit,35091.73,Expense,completed
TXN0792,2025-02-12,Square deposit,16661.45,Revenue,disputed
TXN0793,2025-02-13,Vendor payment,29525.34,Transfer,pending
TXN0794,2025-02-13,Subscription fee,2753.98,Transfer,pending
TXN0795,2025-02-14,Tax withholding,31605.54,Refund,completed
TXN0796,2025-02-14,Vendor payment,3573.13,Tax,completed
TXN0797,2025-02-15,Tax withholding,10591.23,Payroll,disputed
TXN0798,2025-02-15,Square deposit,49968.74,Revenue,disputed
TXN0799,2025-02-15,Refund processed,239.41,Transfer,pending
TXN0800,2025-02-16,Refund processed,10860.86,Tax,pending
TXN0801,2025-02-17,Stripe payout,37522.9,Tax,pending
TXN0802,2025-02-17,Tax withholding,45207.38,Payroll,disputed
TXN0803,2025-02-18,Square deposit,12234.62,Refund,disputed
TXN0804,2025-02-19,Tax withholding,29030.11,Tax,completed
TXN0805,2025-02-20,Salary transfer,35151.86,Revenue,completed
TXN0806,2025-02-20,Salary transfer,36273.75,Tax,disputed
TXN0807,2025-02-20,Stripe payout,39844.04,Tax,disputed
TXN0808,2025-02-21,Stripe payout,4141.94,Expense,completed
TXN0809,2025-02-21,Credit card charge,28016.6,Payroll,disputed
TXN0810,2025-02-22,Invoice #1042,29974.38,Tax,completed
TXN0811,2025-02-22,Stripe payout,2391.99,Expense,disputed
TXN0812,2025-02-23,Stripe payout,41350.82,Revenue,disputed
TXN0813,2025-02-24,Stripe payout,49805.27,Transfer,disputed
TXN0814,2025-02-25,Chase payment,37303.99,Revenue,completed
TXN0815,2025-02-25,Vendor payment,39125.66,Transfer,disputed
TXN0816,2025-02-25,Square deposit,44933.37,Revenue,disputed
TXN0817,2025-02-25,Client payment,44549.69,Payroll,pending
TXN0818,2025-02-26,Bank transfer,18232.22,Refund,pending
TXN0819,2025-02-26,Bank transfer,26900.24,Tax,disputed
TXN0820,2025-02-27,Salary transfer,46275.59,Tax,completed
TXN0821,2025-02-27,Tax withholding,1539.36,Revenue,pending
TXN0822,2025-02-28,Square deposit,1471.31,Transfer,pending
TXN0823,2025-02-28,Subscription fee,36778.31,Payroll,completed
TXN0824,2025-03-01,Vendor payment,4532.9,Tax,completed
TXN0825,2025-03-01,Invoice #1042,8116.66,Payroll,pending
TXN0826,2025-03-02,Stripe payout,31234.25,Refund,disputed
TXN0827,2025-03-03,Refund processed,925.97,Expense,pending
TXN0828,2025-03-03,Vendor payment,3821.52,Payroll,pending
TXN0829,2025-03-04,Refund processed,936.57,Refund,disputed
TXN0830,2025-03-04,Credit card charge,17885.91,Transfer,pending
TXN0831,2025-03-05,Tax withholding,28660.01,Revenue,disputed
TXN0832,2025-03-06,Bank transfer,22814.62,Tax,disputed
TXN0833,2025-03-06,Refund processed,44136.14,Expense,pending
TXN0834,2025-03-07,Vendor payment,24415.61,Revenue,completed
TXN0835,2025-03-07,Credit card charge,19485.73,Transfer,completed
TXN0836,2025-03-08,Tax withholding,19145.32,Expense,completed
TXN0837,2025-03-09,Refund processed,18319.16,Refund,disputed
TXN0838,2025-03-09,Subscription fee,17005.18,Transfer,pending
TXN0839,2025-03-10,Tax withholding,16056.95,Expense,completed
TXN0840,2025-03-10,Subscription fee,30857.27,Payroll,disputed
TXN0841,2025-03-11,Salary transfer,33947.81,Revenue,completed
TXN0842,2025-03-11,Client payment,42140.15,Revenue,disputed
TXN0843,2025-03-11,Invoice #1042,44875.72,Tax,pending
TXN0844,2025-03-12,Invoice #1042,42866.28,Revenue,disputed
TXN0845,2025-03-13,Stripe payout,21208.49,Tax,pending
TXN0846,2025-03-13,Refund processed,14507.34,Expense,disputed
TXN0847,2025-03-14,Stripe payout,34358.71,Revenue,pending
TXN0848,2025-03-15,Credit card charge,21872.03,Payroll,pending
TXN0849,2025-03-15,Invoice #1042,14502.29,Payroll,pending
TXN0850,2025-03-15,Tax withholding,32786.01,Expense,disputed
TXN0851,2025-03-15,Bank transfer,25570.69,Refund,completed
TXN0852,2025-03-16,Tax withholding,26705.61,Expense,disputed
TXN0853,2025-03-16,Invoice #1042,40510.72,Tax,completed
TXN0854,2025-03-17,Chase payment,32574.22,Expense,completed
TXN0855,2025-03-18,Credit card charge,39690.34,Revenue,pending
TXN0856,2025-03-19,Refund processed,17600.81,Refund,pending
TXN0857,2025-03-19,Stripe payout,25155.06,Transfer,disputed
TXN0858,2025-03-19,Credit card charge,27523.04,Payroll,disputed
TXN0859,2025-03-20,Tax withholding,13445.01,Expense,pending
TXN0860,2025-03-21,Chase payment,41859.27,Transfer,disputed
TXN0861,2025-03-22,Vendor payment,7856.4,Tax,disputed
TXN0862,2025-03-22,Salary transfer,44962.97,Revenue,pending
TXN0863,2025-03-22,Invoice #1042,24426.17,Refund,disputed
TXN0864,2025-03-23,Client payment,29583.83,Refund,completed
TXN0865,2025-03-23,Bank transfer,30123.76,Transfer,disputed
TXN0866,2025-03-24,Square deposit,29670.13,Revenue,disputed
TXN0867,2025-03-25,Tax withholding,1394.91,Tax,completed
TXN0868,2025-03-25,Vendor payment,34766.78,Expense,completed
TXN0869,2025-03-26,Invoice #1042,31570.83,Payroll,completed
TXN0870,2025-03-27,Salary transfer,18100.56,Revenue,pending
TXN0871,2025-03-27,Invoice #1042,34654.24,Revenue,disputed
TXN0872,2025-03-28,Tax withholding,48765.3,Revenue,disputed
TXN0873,2025-03-28,Invoice #1042,31201.48,Refund,disputed
TXN0874,2025-03-28,Vendor payment,42294.24,Payroll,disputed
TXN0875,2025-03-28,Chase payment,22945.71,Transfer,completed
TXN0876,2025-03-29,Credit card charge,36375.53,Payroll,pending
TXN0877,2025-03-30,Vendor payment,21352.3,Expense,disputed
TXN0878,2025-03-31,Invoice #1042,6926.72,Expense,completed
TXN0879,2025-03-31,Stripe payout,38595.52,Transfer,pending
TXN0880,2025-03-31,Client payment,10872.26,Expense,pending
TXN0881,2025-04-01,Subscription fee,25228.19,Expense,pending
TXN0882,2025-04-01,Client payment,16116.66,Revenue,completed
TXN0883,2025-04-01,Tax withholding,12038.78,Tax,pending
TXN0884,2025-04-02,Client payment,13911.37,Expense,completed
TXN0885,2025-04-03,Bank transfer,29973.89,Transfer,pending
TXN0886,2025-04-03,Invoice #1042,3066.29,Expense,completed
TXN0887,2025-04-04,Refund processed,37274.82,Payroll,completed
TXN0888,2025-04-05,Square deposit,1328.72,Refund,disputed
TXN0889,2025-04-05,Bank transfer,32679.55,Payroll,pending
TXN0890,2025-04-06,Refund processed,43308.69,Tax,pending
TXN0891,2025-04-06,Invoice #1042,37844.48,Transfer,pending
TXN0892,2025-04-06,Subscription fee,31075.74,Expense,pending
TXN0893,2025-04-06,Client payment,47500.08,Revenue,pending
TXN0894,2025-04-07,Bank transfer,21365.75,Revenue,completed
TXN0895,2025-04-07,Salary transfer,22462.16,Tax,disputed
TXN0896,2025-04-07,Invoice #1042,37610.03,Refund,pending
TXN0897,2025-04-08,Bank transfer,3932.49,Tax,pending
TXN0898,2025-04-08,Refund processed,29436.5,Tax,pending
TXN0899,2025-04-08,Credit card charge,36673.85,Tax,pending
TXN0900,2025-04-09,Bank transfer,37875.66,Tax,pending
TXN0901,2025-04-09,Salary transfer,1509.38,Revenue,pending
TXN0902,2025-04-10,Refund processed,16902.32,Payroll,pending
TXN0903,2025-04-10,Salary transfer,10088.94,Refund,disputed
TXN0904,2025-04-11,Subscription fee,33599.11,Revenue,completed
TXN0905,2025-04-11,Credit card charge,2655.36,Refund,completed
TXN0906,2025-04-12,Stripe payout,24563.84,Tax,disputed
TXN0907,2025-04-12,Square deposit,35412.04,Tax,pending
TXN0908,2025-04-12,Salary transfer,24651.51,Revenue,pending
TXN0909,2025-04-12,Stripe payout,24642.12,Transfer,disputed
TXN0910,2025-04-13,Chase payment,22250.5,Refund,disputed
TXN0911,2025-04-14,Salary transfer,25178.75,Expense,pending
TXN0912,2025-04-15,Bank transfer,22436.76,Payroll,pending
TXN0913,2025-04-15,Subscription fee,45820.59,Payroll,completed
TXN0914,2025-04-15,Subscription fee,32487.48,Tax,pending
TXN0915,2025-04-16,Refund processed,16196.96,Transfer,completed
TXN0916,2025-04-17,Refund processed,12440.85,Refund,completed
TXN0917,2025-04-17,Chase payment,5611.86,Payroll,completed
TXN0918,2025-04-17,Refund processed,26827.01,Revenue,completed
TXN0919,2025-04-18,Chase payment,15450.74,Refund,completed
TXN0920,2025-04-18,Tax withholding,18825.85,Expense,disputed
TXN0921,2025-04-19,Bank transfer,45406.4,Expense,disputed
TXN0922,2025-04-19,Credit card charge,8981.68,Payroll,pending
TXN0923,2025-04-20,Chase payment,21071.86,Expense,pending
TXN0924,2025-04-20,Salary transfer,2286.02,Payroll,disputed
TXN0925,2025-04-20,Bank transfer,19182.72,Transfer,pending
TXN0926,2025-04-21,Bank transfer,47343.67,Tax,pending
TXN0927,2025-04-22,Credit card charge,21104.2,Refund,pending
TXN0928,2025-04-22,Stripe payout,982.5,Revenue,disputed
TXN0929,2025-04-23,Credit card charge,40799.32,Transfer,disputed
TXN0930,2025-04-23,Stripe payout,48336.39,Tax,pending
TXN0931,2025-04-24,Subscription fee,26416.77,Expense,completed
TXN0932,2025-04-25,Bank transfer,37456.65,Payroll,pending
TXN0933,2025-04-25,Refund processed,17436.69,Refund,completed
TXN0934,2025-04-26,Refund processed,46939.27,Tax,completed
TXN0935,2025-04-27,Subscription fee,827.24,Revenue,disputed
TXN0936,2025-04-27,Tax withholding,3462.35,Payroll,disputed
TXN0937,2025-04-27,Bank transfer,49469.14,Refund,pending
TXN0938,2025-04-28,Refund processed,38512.14,Transfer,disputed
TXN0939,2025-04-28,Refund processed,35427.3,Revenue,completed
TXN0940,2025-04-28,Square deposit,18043.82,Transfer,completed
TXN0941,2025-04-29,Chase payment,37150.12,Payroll,disputed
TXN0942,2025-04-29,Vendor payment,25052.93,Expense,pending
TXN0943,2025-04-29,Client payment,36029.94,Refund,pending
TXN0944,2025-04-29,Client payment,46825.05,Tax,disputed
TXN0945,2025-04-30,Refund processed,42404.71,Expense,completed
TXN0946,2025-05-01,Square deposit,47638.79,Transfer,pending
TXN0947,2025-05-01,Refund processed,1814.92,Revenue,disputed
TXN0948,2025-05-01,Chase payment,22970.81,Refund,completed
TXN0949,2025-05-02,Stripe payout,4530.4,Revenue,completed
TXN0950,2025-05-02,Vendor payment,4380.13,Payroll,disputed
TXN0951,2025-05-03,Vendor payment,6878.8,Revenue,disputed
TXN0952,2025-05-03,Square deposit,33212.49,Payroll,pending
TXN0953,2025-05-03,Tax withholding,29921.21,Transfer,disputed
TXN0954,2025-05-04,Client payment,43143.48,Tax,disputed
TXN0955,2025-05-05,Bank transfer,938.07,Tax,completed
TXN0956,2025-05-06,Credit card charge,11978.58,Expense,completed
TXN0957,2025-05-06,Vendor payment,43236.73,Transfer,completed
TXN0958,2025-05-06,Subscription fee,4925.85,Tax,disputed
TXN0959,2025-05-06,Subscription fee,49794.26,Payroll,completed
TXN0960,2025-05-06,Bank transfer,18215.78,Tax,pending
TXN0961,2025-05-07,Salary transfer,27679.94,Payroll,disputed
TXN0962,2025-05-07,Square deposit,27754.68,Revenue,completed
TXN0963,2025-05-08,Stripe payout,33078.81,Payroll,pending
TXN0964,2025-05-08,Salary transfer,49190.82,Transfer,pending
TXN0965,2025-05-09,Tax withholding,5056.44,Revenue,pending
TXN0966,2025-05-09,Bank transfer,35996.54,Expense,pending
TXN0967,2025-05-10,Vendor payment,20941.3,Tax,pending
TXN0968,2025-05-10,Credit card charge,39990.49,Refund,disputed
TXN0969,2025-05-10,Chase payment,26610.64,Expense,completed
TXN0970,2025-05-10,Chase payment,47952.22,Revenue,disputed
TXN0971,2025-05-10,Stripe payout,9928.92,Tax,completed
TXN0972,2025-05-11,Credit card charge,44040.64,Expense,disputed
TXN0973,2025-05-11,Credit card charge,46337.46,Refund,pending
TXN0974,2025-05-12,Bank transfer,28022.03,Expense,pending
TXN0975,2025-05-13,Refund processed,2268.18,Expense,pending
TXN0976,2025-05-13,Refund processed,39151.41,Tax,completed
TXN0977,2025-05-14,Tax withholding,13328.09,Transfer,pending
TXN0978,2025-05-14,Bank transfer,41114.08,Tax,disputed
TXN0979,2025-05-15,Square deposit,2734.07,Tax,completed
TXN0980,2025-05-16,Square deposit,33398.45,Refund,disputed
TXN0981,2025-05-16,Tax withholding,16355.24,Expense,disputed
TXN0982,2025-05-17,Tax withholding,35253.74,Payroll,completed
TXN0983,2025-05-17,Salary transfer,41345.29,Expense,completed
TXN0984,2025-05-18,Square deposit,28229.21,Refund,completed
TXN0985,2025-05-18,Square deposit,39620.11,Expense,pending
TXN0986,2025-05-18,Vendor payment,31158.0,Revenue,pending
TXN0987,2025-05-19,Invoice #1042,4890.62,Revenue,pending
TXN0988,2025-05-19,Salary transfer,39087.52,Expense,pending
TXN0989,2025-05-20,Refund processed,41786.9,Refund,completed
TXN0990,2025-05-20,Refund processed,11042.4,Refund,completed
TXN0991,2025-05-20,Client payment,39020.33,Payroll,disputed
TXN0992,2025-05-21,Bank transfer,1687.69,Refund,disputed
TXN0993,2025-05-22,Salary transfer,34589.33,Payroll,disputed
TXN0994,2025-05-22,Bank transfer,902.14,Payroll,completed
TXN0995,2025-05-23,Stripe payout,14103.6,Revenue,disputed
TXN0996,2025-05-23,Square deposit,46659.22,Expense,completed
TXN0997,2025-05-24,Chase payment,46638.68,Transfer,completed
TXN0998,2025-05-24,Square deposit,39496.27,Transfer,completed
TXN0999,2025-05-24,Stripe payout,21853.7,Expense,pending
TXN1000,2025-05-25,Bank transfer,42869.3,Tax,pending
